{"cameraMode":{"drawMode":0,"name":"Shaded","section":"Shading Mode"},"sceneLighting":true,"audioPlay":false,"sceneViewState":{"showFog":true,"showMaterialUpdate":false,"showSkybox":true,"showFlares":true,"showImageEffects":true,"showParticleSystems":true},"in2DMode":false,"pivot":{"x":-495.71478271484377,"y":-45.771751403808597,"z":-12.632881164550782},"rotation":{"x":-0.5022248029708862,"y":0.04069558158516884,"z":-0.023672400042414666,"w":-0.8634660840034485},"size":121.47576141357422,"orthographic":false}