{"cameraMode":{"drawMode":0,"name":"Shaded","section":"Shading Mode"},"sceneLighting":true,"audioPlay":false,"sceneViewState":{"showFog":true,"showMaterialUpdate":false,"showSkybox":true,"showFlares":true,"showImageEffects":true,"showParticleSystems":true},"in2DMode":false,"pivot":{"x":-474.9023742675781,"y":44.88945770263672,"z":151.73532104492188},"rotation":{"x":-0.41213133931159975,"y":0.582584798336029,"z":-0.4413342773914337,"w":-0.5440434813499451},"size":133.78146362304688,"orthographic":false}